city_id,city_name,year,longterm_aridity_index,annual_aridity_index,vegetation_fraction,built_up_fraction,annual_vpd_mean,dominant_climate_code,dominant_climate_name
C001,Synthetic city 1,2001,0.298547713597906,0.28625192038062175,0.19089126104623708,0.4995194946470242,1.755880151499601,B,Dry
C001,Synthetic city 1,2002,0.298547713597906,0.3381402395062366,0.19189126104623708,0.5015194946470242,1.7237187694809855,B,Dry
C001,Synthetic city 1,2003,0.298547713597906,0.26891445445608786,0.19289126104623708,0.5035194946470242,1.7821045934095836,B,Dry
C001,Synthetic city 1,2004,0.298547713597906,0.3790473725155059,0.19389126104623708,0.5055194946470242,1.5973270101003858,B,Dry
C001,Synthetic city 1,2005,0.298547713597906,0.29385786273723574,0.19489126104623708,0.5075194946470242,1.7137671310972908,B,Dry
C001,Synthetic city 1,2006,0.298547713597906,0.30970964699034886,0.19589126104623708,0.5095194946470242,1.7322570060654552,B,Dry
C001,Synthetic city 1,2007,0.298547713597906,0.2905767278471202,0.19689126104623708,0.5115194946470242,1.7706999596059938,B,Dry
C001,Synthetic city 1,2008,0.298547713597906,0.30694193621879307,0.19789126104623708,0.5135194946470242,1.7861298296829209,B,Dry
C001,Synthetic city 1,2009,0.298547713597906,0.27364351409300036,0.19889126104623708,0.5155194946470242,1.7053134626105093,B,Dry
C001,Synthetic city 1,2010,0.298547713597906,0.21273531837987236,0.19989126104623708,0.5175194946470242,1.746092595219521,B,Dry
C001,Synthetic city 1,2011,0.298547713597906,0.28588228621848427,0.20089126104623709,0.5195194946470242,1.734017545324112,B,Dry
C001,Synthetic city 1,2012,0.298547713597906,0.3161954279226944,0.20189126104623709,0.5215194946470242,1.7063797611470546,B,Dry
C001,Synthetic city 1,2013,0.298547713597906,0.27710141346331724,0.2028912610462371,0.5235194946470242,1.799175949610617,B,Dry
C001,Synthetic city 1,2014,0.298547713597906,0.24968916381256762,0.2038912610462371,0.5255194946470242,1.7262438839943404,B,Dry
C001,Synthetic city 1,2015,0.298547713597906,0.35734442584334675,0.2048912610462371,0.5275194946470242,1.847004219514436,B,Dry
C001,Synthetic city 1,2016,0.298547713597906,0.1919125360974065,0.20589126104623706,0.5295194946470242,1.6891308783847205,B,Dry
C001,Synthetic city 1,2017,0.298547713597906,0.29686866335532236,0.20689126104623706,0.5315194946470242,1.7553791145313904,B,Dry
C001,Synthetic city 1,2018,0.298547713597906,0.2914499116762978,0.20789126104623706,0.5335194946470242,1.7487714290515963,B,Dry
C001,Synthetic city 1,2019,0.298547713597906,0.17714516943802913,0.20889126104623706,0.5355194946470242,1.7236679796893262,B,Dry
C001,Synthetic city 1,2020,0.298547713597906,0.2090834051588819,0.20989126104623707,0.5375194946470242,1.7067631491786275,B,Dry
C001,Synthetic city 1,2021,0.298547713597906,0.33578680205792216,0.21089126104623707,0.5395194946470242,1.7313033482289029,B,Dry
C001,Synthetic city 1,2022,0.298547713597906,0.3083492602869715,0.21189126104623707,0.5415194946470242,1.720591224333997,B,Dry
C001,Synthetic city 1,2023,0.298547713597906,0.34706344617707496,0.21289126104623707,0.5435194946470242,1.6275520524978981,B,Dry
C001,Synthetic city 1,2024,0.298547713597906,0.3259048380027585,0.21389126104623707,0.5455194946470242,1.7215715850736564,B,Dry
C002,Synthetic city 2,2001,0.7319843436293139,0.6905872354536485,0.4091516056391234,0.2788134175141773,1.3052998705934966,C,Temperate
C002,Synthetic city 2,2002,0.7319843436293139,0.7559820865879127,0.4101516056391234,0.2808134175141773,1.2762806855986257,C,Temperate
C002,Synthetic city 2,2003,0.7319843436293139,0.7329670720807676,0.4111516056391234,0.2828134175141773,1.291820746526471,C,Temperate
C002,Synthetic city 2,2004,0.7319843436293139,0.7724280820032292,0.4121516056391234,0.2848134175141773,1.2629785625333576,C,Temperate
C002,Synthetic city 2,2005,0.7319843436293139,0.772100794098791,0.4131516056391234,0.2868134175141773,1.206192335696414,C,Temperate
C002,Synthetic city 2,2006,0.7319843436293139,0.6922121868100679,0.4141516056391234,0.28881341751417733,1.2730931531853626,C,Temperate
C002,Synthetic city 2,2007,0.7319843436293139,0.8345382467203886,0.4151516056391234,0.29081341751417733,1.2356377355134671,C,Temperate
C002,Synthetic city 2,2008,0.7319843436293139,0.7311151439189664,0.4161516056391234,0.29281341751417733,1.2281762537863876,C,Temperate
C002,Synthetic city 2,2009,0.7319843436293139,0.6535076775506935,0.4171516056391234,0.29481341751417733,1.2801245073361416,C,Temperate
C002,Synthetic city 2,2010,0.7319843436293139,0.7147966721294152,0.4181516056391234,0.29681341751417734,1.2813671658772514,C,Temperate
C002,Synthetic city 2,2011,0.7319843436293139,0.6701856935231755,0.4191516056391234,0.29881341751417734,1.263673065667744,C,Temperate
C002,Synthetic city 2,2012,0.7319843436293139,0.7431642963744458,0.4201516056391234,0.30081341751417734,1.1355160133466873,C,Temperate
C002,Synthetic city 2,2013,0.7319843436293139,0.7733340486334339,0.4211516056391234,0.30281341751417734,1.261018002833102,C,Temperate
C002,Synthetic city 2,2014,0.7319843436293139,0.7310606922721091,0.4221516056391234,0.30481341751417734,1.2504919573661646,C,Temperate
C002,Synthetic city 2,2015,0.7319843436293139,0.7033884095241848,0.4231516056391234,0.30681341751417734,1.2771857994790214,C,Temperate
C002,Synthetic city 2,2016,0.7319843436293139,0.6517072839009327,0.4241516056391234,0.30881341751417735,1.2770595734742733,C,Temperate
C002,Synthetic city 2,2017,0.7319843436293139,0.7415058079480301,0.4251516056391234,0.31081341751417735,1.2603588460664117,C,Temperate
C002,Synthetic city 2,2018,0.7319843436293139,0.7507731163322336,0.4261516056391234,0.31281341751417735,1.3283757369820872,C,Temperate
C002,Synthetic city 2,2019,0.7319843436293139,0.7388282334522401,0.4271516056391234,0.31481341751417735,1.1986780874615277,C,Temperate
C002,Synthetic city 2,2020,0.7319843436293139,0.6797580766189635,0.4281516056391234,0.3168134175141773,1.2240046400626345,C,Temperate
C002,Synthetic city 2,2021,0.7319843436293139,0.668138215601875,0.4291516056391234,0.3188134175141773,1.2005081272145197,C,Temperate
C002,Synthetic city 2,2022,0.7319843436293139,0.6681393465696588,0.4301516056391234,0.3208134175141773,1.3193340795145263,C,Temperate
C002,Synthetic city 2,2023,0.7319843436293139,0.7884677722094915,0.4311516056391234,0.3228134175141773,1.2210311884149059,C,Temperate
C002,Synthetic city 2,2024,0.7319843436293139,0.7462441222065891,0.4321516056391234,0.3248134175141773,1.2691665631845086,C,Temperate
C003,Synthetic city 3,2001,1.2120640454792775,1.2017639088967236,0.510681495731771,0.1781429431075595,0.725550147276153,A,Tropical
C003,Synthetic city 3,2002,1.2120640454792775,1.163602814196269,0.511681495731771,0.1801429431075595,0.7701185249201505,A,Tropical
C003,Synthetic city 3,2003,1.2120640454792775,1.2500539957141883,0.512681495731771,0.1821429431075595,0.65492239152185,A,Tropical
C003,Synthetic city 3,2004,1.2120640454792775,1.268003298162663,0.513681495731771,0.1841429431075595,0.790814920078255,A,Tropical
C003,Synthetic city 3,2005,1.2120640454792775,1.3139437612354803,0.514681495731771,0.1861429431075595,0.7590915205160883,A,Tropical
C003,Synthetic city 3,2006,1.2120640454792775,1.274396124371662,0.515681495731771,0.1881429431075595,0.7311594273735195,A,Tropical
C003,Synthetic city 3,2007,1.2120640454792775,1.1902589260568104,0.516681495731771,0.1901429431075595,0.8052846448710512,A,Tropical
C003,Synthetic city 3,2008,1.2120640454792775,1.1957322686019973,0.517681495731771,0.1921429431075595,0.717030819121883,A,Tropical
C003,Synthetic city 3,2009,1.2120640454792775,1.220887614412809,0.518681495731771,0.19414294310755947,0.7465736118300662,A,Tropical
C003,Synthetic city 3,2010,1.2120640454792775,1.189277921675645,0.519681495731771,0.19614294310755948,0.7833760224442576,A,Tropical
C003,Synthetic city 3,2011,1.2120640454792775,1.2250485915268303,0.520681495731771,0.19814294310755948,0.770622987200096,A,Tropical
C003,Synthetic city 3,2012,1.2120640454792775,1.2555834610346537,0.521681495731771,0.20014294310755948,0.7929465816305693,A,Tropical
C003,Synthetic city 3,2013,1.2120640454792775,1.2028102490473576,0.522681495731771,0.20214294310755948,0.8000275706781468,A,Tropical
C003,Synthetic city 3,2014,1.2120640454792775,1.323304109294632,0.523681495731771,0.20414294310755948,0.7605745943187677,A,Tropical
C003,Synthetic city 3,2015,1.2120640454792775,1.198778345660623,0.524681495731771,0.20614294310755948,0.6443238436295338,A,Tropical
C003,Synthetic city 3,2016,1.2120640454792775,1.1217714306118403,0.525681495731771,0.20814294310755949,0.7409992552100217,A,Tropical
C003,Synthetic city 3,2017,1.2120640454792775,1.1681087028207882,0.526681495731771,0.2101429431075595,0.7640604747819143,A,Tropical
C003,Synthetic city 3,2018,1.2120640454792775,1.264124115303816,0.527681495731771,0.2121429431075595,0.75417318797733,A,Tropical
C003,Synthetic city 3,2019,1.2120640454792775,1.1522548355818738,0.528681495731771,0.2141429431075595,0.666251114713973,A,Tropical
C003,Synthetic city 3,2020,1.2120640454792775,1.1617314317190977,0.529681495731771,0.2161429431075595,0.7822256733815158,A,Tropical
C003,Synthetic city 3,2021,1.2120640454792775,1.2461689104123406,0.530681495731771,0.2181429431075595,0.7400664831826815,A,Tropical
C003,Synthetic city 3,2022,1.2120640454792775,1.2091157833059565,0.531681495731771,0.2201429431075595,0.7970546575370474,A,Tropical
C003,Synthetic city 3,2023,1.2120640454792775,1.2022544735058187,0.532681495731771,0.2221429431075595,0.8093676505947666,A,Tropical
C003,Synthetic city 3,2024,1.2120640454792775,1.2255805855120374,0.533681495731771,0.2241429431075595,0.726525393696459,A,Tropical
C004,Synthetic city 4,2001,0.5849091821518086,0.6553140143503157,0.2638394210410886,0.6376553042920298,1.3283447980214402,D,Continental
C004,Synthetic city 4,2002,0.5849091821518086,0.5953795388582201,0.2648394210410886,0.6396553042920298,1.4995258646924614,D,Continental
C004,Synthetic city 4,2003,0.5849091821518086,0.5016622445787139,0.2658394210410886,0.6416553042920298,1.4161086755372376,D,Continental
C004,Synthetic city 4,2004,0.5849091821518086,0.5849394316881713,0.2668394210410886,0.6436553042920298,1.3146140056874092,D,Continental
C004,Synthetic city 4,2005,0.5849091821518086,0.5995279279588803,0.2678394210410886,0.6456553042920298,1.4255867821244361,D,Continental
C004,Synthetic city 4,2006,0.5849091821518086,0.5349565166327341,0.2688394210410886,0.6476553042920298,1.4594865676591708,D,Continental
C004,Synthetic city 4,2007,0.5849091821518086,0.4832878091106222,0.2698394210410886,0.6496553042920298,1.3172872758849308,D,Continental
C004,Synthetic city 4,2008,0.5849091821518086,0.6392128167500519,0.2708394210410886,0.6516553042920298,1.4407613330038749,D,Continental
C004,Synthetic city 4,2009,0.5849091821518086,0.534825378466051,0.2718394210410886,0.6536553042920298,1.3807519377726294,D,Continental
C004,Synthetic city 4,2010,0.5849091821518086,0.4923432978691795,0.2728394210410886,0.6556553042920298,1.3615501990309569,D,Continental
C004,Synthetic city 4,2011,0.5849091821518086,0.5161700281257133,0.2738394210410886,0.6576553042920298,1.4524611041821345,D,Continental
C004,Synthetic city 4,2012,0.5849091821518086,0.5604344272927754,0.2748394210410886,0.6596553042920298,1.3872666349639147,D,Continental
C004,Synthetic city 4,2013,0.5849091821518086,0.6179067415371834,0.2758394210410886,0.6616553042920298,1.4380744266250995,D,Continental
C004,Synthetic city 4,2014,0.5849091821518086,0.6394615885102408,0.2768394210410886,0.6636553042920298,1.3409078775501333,D,Continental
C004,Synthetic city 4,2015,0.5849091821518086,0.6496729519026273,0.2778394210410886,0.6656553042920298,1.4396393665547196,D,Continental
C004,Synthetic city 4,2016,0.5849091821518086,0.5608609372074007,0.2788394210410886,0.6676553042920298,1.464991795089006,D,Continental
C004,Synthetic city 4,2017,0.5849091821518086,0.6776612759965701,0.2798394210410886,0.6696553042920298,1.413548993679601,D,Continental
C004,Synthetic city 4,2018,0.5849091821518086,0.5757323515637894,0.2808394210410886,0.6716553042920298,1.4005031185018813,D,Continental
C004,Synthetic city 4,2019,0.5849091821518086,0.48582772211074554,0.2818394210410886,0.6736553042920298,1.4873902399610275,D,Continental
C004,Synthetic city 4,2020,0.5849091821518086,0.6143739548613455,0.2828394210410886,0.6756553042920298,1.4455689563224101,D,Continental
C004,Synthetic city 4,2021,0.5849091821518086,0.6168841342319847,0.2838394210410886,0.6776553042920298,1.3958894052973574,D,Continental
C004,Synthetic city 4,2022,0.5849091821518086,0.695998210218552,0.2848394210410886,0.6796553042920298,1.4281741414218054,D,Continental
C004,Synthetic city 4,2023,0.5849091821518086,0.567936674732364,0.2858394210410886,0.6816553042920298,1.3617308108568065,D,Continental
C004,Synthetic city 4,2024,0.5849091821518086,0.7170540739736323,0.2868394210410886,0.6836553042920298,1.4635671374278199,D,Continental
C005,Synthetic city 5,2001,0.33554821580657457,0.3159451620491274,0.18994243829516883,0.44690665998877915,1.7354409945049865,B,Dry
C005,Synthetic city 5,2002,0.33554821580657457,0.4053885401291473,0.19094243829516883,0.44890665998877916,1.7598303295157998,B,Dry
C005,Synthetic city 5,2003,0.33554821580657457,0.30638234453134,0.19194243829516883,0.45090665998877916,1.6800721159595726,B,Dry
C005,Synthetic city 5,2004,0.33554821580657457,0.26364259077399765,0.19294243829516883,0.45290665998877916,1.7703559531141415,B,Dry
C005,Synthetic city 5,2005,0.33554821580657457,0.35196220663803446,0.19394243829516883,0.45490665998877916,1.7924835434252173,B,Dry
C005,Synthetic city 5,2006,0.33554821580657457,0.30224657574362707,0.19494243829516883,0.45690665998877916,1.7449771586527225,B,Dry
C005,Synthetic city 5,2007,0.33554821580657457,0.36758127932776474,0.19594243829516883,0.45890665998877916,1.7128940479865926,B,Dry
C005,Synthetic city 5,2008,0.33554821580657457,0.24553964810370318,0.19694243829516883,0.46090665998877917,1.773362474120134,B,Dry
C005,Synthetic city 5,2009,0.33554821580657457,0.3548660736679806,0.19794243829516883,0.46290665998877917,1.695719043250325,B,Dry
C005,Synthetic city 5,2010,0.33554821580657457,0.43070250000984295,0.19894243829516883,0.46490665998877917,1.7437069818533546,B,Dry
C005,Synthetic city 5,2011,0.33554821580657457,0.30267517078788253,0.19994243829516883,0.46690665998877917,1.8358706965835245,B,Dry
C005,Synthetic city 5,2012,0.33554821580657457,0.30861559299622243,0.20094243829516883,0.4689066599887792,1.7357351472873441,B,Dry
C005,Synthetic city 5,2013,0.33554821580657457,0.27337639753741294,0.20194243829516884,0.4709066599887792,1.8001628104177005,B,Dry
C005,Synthetic city 5,2014,0.33554821580657457,0.30191933219039374,0.20294243829516884,0.4729066599887792,1.8158218316794048,B,Dry
C005,Synthetic city 5,2015,0.33554821580657457,0.31648234500878797,0.20394243829516884,0.4749066599887792,1.7259931717882355,B,Dry
C005,Synthetic city 5,2016,0.33554821580657457,0.4041478738742684,0.20494243829516884,0.4769066599887791,1.8154927897860302,B,Dry
C005,Synthetic city 5,2017,0.33554821580657457,0.3029417137983153,0.20594243829516884,0.4789066599887791,1.7445809826329692,B,Dry
C005,Synthetic city 5,2018,0.33554821580657457,0.37350998658464657,0.20694243829516884,0.48090665998877913,1.7286164839726994,B,Dry
C005,Synthetic city 5,2019,0.33554821580657457,0.3002901850531376,0.20794243829516884,0.48290665998877913,1.7100221089879344,B,Dry
C005,Synthetic city 5,2020,0.33554821580657457,0.3421700284194249,0.20894243829516881,0.48490665998877913,1.7730746599468734,B,Dry
C005,Synthetic city 5,2021,0.33554821580657457,0.3950524328473975,0.20994243829516882,0.48690665998877913,1.7425076017185581,B,Dry
C005,Synthetic city 5,2022,0.33554821580657457,0.2798843269222097,0.21094243829516882,0.48890665998877914,1.756472711630699,B,Dry
C005,Synthetic city 5,2023,0.33554821580657457,0.36188887382535906,0.21194243829516882,0.49090665998877914,1.6919930068183262,B,Dry
C005,Synthetic city 5,2024,0.33554821580657457,0.38011076083673423,0.21294243829516882,0.49290665998877914,1.7824140877415118,B,Dry
C006,Synthetic city 6,2001,0.7601536529910488,0.8406618494061271,0.39239659140250616,0.2798986446762242,1.119221590899867,C,Temperate
C006,Synthetic city 6,2002,0.7601536529910488,0.8225981684354415,0.39339659140250616,0.2818986446762242,1.1265204357751468,C,Temperate
C006,Synthetic city 6,2003,0.7601536529910488,0.6835776605030792,0.39439659140250616,0.2838986446762242,1.118026508826126,C,Temperate
C006,Synthetic city 6,2004,0.7601536529910488,0.7517091925205844,0.39539659140250616,0.2858986446762242,1.1166116203481213,C,Temperate
C006,Synthetic city 6,2005,0.7601536529910488,0.7965800028156524,0.39639659140250616,0.2878986446762242,1.1434870085711373,C,Temperate
C006,Synthetic city 6,2006,0.7601536529910488,0.7872902952505266,0.39739659140250616,0.2898986446762242,1.1751185080784288,C,Temperate
C006,Synthetic city 6,2007,0.7601536529910488,0.7692613071282091,0.39839659140250616,0.29189864467622423,1.194583381260063,C,Temperate
C006,Synthetic city 6,2008,0.7601536529910488,0.7741634125565185,0.39939659140250616,0.29389864467622423,1.1312840119548269,C,Temperate
C006,Synthetic city 6,2009,0.7601536529910488,0.7156914363259954,0.40039659140250616,0.29589864467622423,1.208884405489869,C,Temperate
C006,Synthetic city 6,2010,0.7601536529910488,0.8099859132313768,0.40139659140250616,0.29789864467622423,1.126408625445384,C,Temperate
C006,Synthetic city 6,2011,0.7601536529910488,0.7646087189715767,0.40239659140250617,0.29989864467622424,1.106717442214774,C,Temperate
C006,Synthetic city 6,2012,0.7601536529910488,0.7300148798848065,0.40339659140250617,0.30189864467622424,1.085920073603544,C,Temperate
C006,Synthetic city 6,2013,0.7601536529910488,0.7225483585064861,0.40439659140250617,0.30389864467622424,1.1163292165384724,C,Temperate
C006,Synthetic city 6,2014,0.7601536529910488,0.7843465718272984,0.40539659140250617,0.30589864467622424,1.0737966795748373,C,Temperate
C006,Synthetic city 6,2015,0.7601536529910488,0.7534771817327334,0.40639659140250617,0.30789864467622424,1.106216513375649,C,Temperate
C006,Synthetic city 6,2016,0.7601536529910488,0.7421987446185777,0.40739659140250617,0.3098986446762242,1.2199706453834893,C,Temperate
C006,Synthetic city 6,2017,0.7601536529910488,0.7071590538186977,0.40839659140250617,0.3118986446762242,1.1462649078625538,C,Temperate
C006,Synthetic city 6,2018,0.7601536529910488,0.7975187099072973,0.40939659140250617,0.3138986446762242,1.0950834927312416,C,Temperate
C006,Synthetic city 6,2019,0.7601536529910488,0.7566112850422118,0.4103965914025062,0.3158986446762242,1.1672928232727584,C,Temperate
C006,Synthetic city 6,2020,0.7601536529910488,0.7873018840309755,0.4113965914025062,0.3178986446762242,1.0877674947312541,C,Temperate
C006,Synthetic city 6,2021,0.7601536529910488,0.7885171185895015,0.4123965914025062,0.3198986446762242,1.070534556110864,C,Temperate
C006,Synthetic city 6,2022,0.7601536529910488,0.7257120163606546,0.4133965914025062,0.3218986446762242,1.0957434884562882,C,Temperate
C006,Synthetic city 6,2023,0.7601536529910488,0.7254785715881074,0.4143965914025062,0.3238986446762242,1.0543423143564603,C,Temperate
C006,Synthetic city 6,2024,0.7601536529910488,0.7712726599374967,0.4153965914025062,0.3258986446762242,1.2718405937877115,C,Temperate
C007,Synthetic city 7,2001,1.1770313101538001,1.2337113092468635,0.5739183181397993,0.1993550487716538,0.8432989126686389,A,Tropical
C007,Synthetic city 7,2002,1.1770313101538001,1.2009217803087389,0.5749183181397993,0.2013550487716538,0.7189153367626752,A,Tropical
C007,Synthetic city 7,2003,1.1770313101538001,1.1222472525694898,0.5759183181397993,0.2033550487716538,0.6418689248198266,A,Tropical
C007,Synthetic city 7,2004,1.1770313101538001,1.0929763961654895,0.5769183181397993,0.2053550487716538,0.779921042069868,A,Tropical
C007,Synthetic city 7,2005,1.1770313101538001,1.1421457935589696,0.5779183181397993,0.2073550487716538,0.7341693073334694,A,Tropical
C007,Synthetic city 7,2006,1.1770313101538001,1.215970996376121,0.5789183181397993,0.2093550487716538,0.8251618278112992,A,Tropical
C007,Synthetic city 7,2007,1.1770313101538001,1.1444025943947307,0.5799183181397993,0.21135504877165381,0.7697551963846916,A,Tropical
C007,Synthetic city 7,2008,1.1770313101538001,1.194087590428868,0.5809183181397993,0.21335504877165382,0.74380917726382,A,Tropical
C007,Synthetic city 7,2009,1.1770313101538001,1.200612724275602,0.5819183181397993,0.2153550487716538,0.813769339996723,A,Tropical
C007,Synthetic city 7,2010,1.1770313101538001,1.108004539339218,0.5829183181397993,0.2173550487716538,0.8201768884047639,A,Tropical
C007,Synthetic city 7,2011,1.1770313101538001,1.2265749695658659,0.5839183181397993,0.2193550487716538,0.8572714786465079,A,Tropical
C007,Synthetic city 7,2012,1.1770313101538001,1.1015073055299316,0.5849183181397993,0.2213550487716538,0.8144156140298849,A,Tropical
C007,Synthetic city 7,2013,1.1770313101538001,1.1995298296115058,0.5859183181397993,0.2233550487716538,0.8358906692001284,A,Tropical
C007,Synthetic city 7,2014,1.1770313101538001,1.1252127244941517,0.5869183181397993,0.2253550487716538,0.7422958875319388,A,Tropical
C007,Synthetic city 7,2015,1.1770313101538001,1.1775267624016086,0.5879183181397993,0.2273550487716538,0.810110674523002,A,Tropical
C007,Synthetic city 7,2016,1.1770313101538001,1.1698580742481288,0.5889183181397993,0.2293550487716538,0.7774491781267896,A,Tropical
C007,Synthetic city 7,2017,1.1770313101538001,1.112343386170869,0.5899183181397993,0.2313550487716538,0.8369696814304254,A,Tropical
C007,Synthetic city 7,2018,1.1770313101538001,1.119099605275688,0.5909183181397993,0.2333550487716538,0.7515626306697979,A,Tropical
C007,Synthetic city 7,2019,1.1770313101538001,1.1130591353902257,0.5919183181397993,0.2353550487716538,0.7892945115368619,A,Tropical
C007,Synthetic city 7,2020,1.1770313101538001,1.2393128413683687,0.5929183181397993,0.2373550487716538,0.8513469606672729,A,Tropical
C007,Synthetic city 7,2021,1.1770313101538001,1.1527278839640063,0.5939183181397993,0.2393550487716538,0.7812718846850573,A,Tropical
C007,Synthetic city 7,2022,1.1770313101538001,1.2321164657152401,0.5949183181397993,0.2413550487716538,0.754348231618481,A,Tropical
C007,Synthetic city 7,2023,1.1770313101538001,1.2143779952479319,0.5959183181397993,0.24335504877165381,0.8154927445697429,A,Tropical
C007,Synthetic city 7,2024,1.1770313101538001,1.1738716481606881,0.5969183181397993,0.24535504877165382,0.8393166127063572,A,Tropical
C008,Synthetic city 8,2001,0.5442427544473404,0.5562406429118572,0.2377407376381328,0.570370617963249,1.5753420077047826,D,Continental
C008,Synthetic city 8,2002,0.5442427544473404,0.6236471456078911,0.2387407376381328,0.572370617963249,1.617307050755683,D,Continental
C008,Synthetic city 8,2003,0.5442427544473404,0.5832006574685199,0.2397407376381328,0.574370617963249,1.5181237417329132,D,Continental
C008,Synthetic city 8,2004,0.5442427544473404,0.5173634472131704,0.2407407376381328,0.576370617963249,1.567039659588088,D,Continental
C008,Synthetic city 8,2005,0.5442427544473404,0.6031606886065422,0.2417407376381328,0.578370617963249,1.64588816297152,D,Continental
C008,Synthetic city 8,2006,0.5442427544473404,0.5666332374082905,0.2427407376381328,0.580370617963249,1.5614851142151223,D,Continental
C008,Synthetic city 8,2007,0.5442427544473404,0.6078438955298956,0.2437407376381328,0.582370617963249,1.5284473290443201,D,Continental
C008,Synthetic city 8,2008,0.5442427544473404,0.5002993880645191,0.2447407376381328,0.584370617963249,1.5902658217869794,D,Continental
C008,Synthetic city 8,2009,0.5442427544473404,0.5287231174188227,0.2457407376381328,0.586370617963249,1.6539418835210271,D,Continental
C008,Synthetic city 8,2010,0.5442427544473404,0.5446879564431337,0.2467407376381328,0.588370617963249,1.6711471013512393,D,Continental
C008,Synthetic city 8,2011,0.5442427544473404,0.47170344089880606,0.2477407376381328,0.590370617963249,1.5980460808990642,D,Continental
C008,Synthetic city 8,2012,0.5442427544473404,0.601688304346885,0.24874073763813281,0.592370617963249,1.5534791779453099,D,Continental
C008,Synthetic city 8,2013,0.5442427544473404,0.517824727543631,0.24974073763813281,0.594370617963249,1.569575614297144,D,Continental
C008,Synthetic city 8,2014,0.5442427544473404,0.6027007221792863,0.2507407376381328,0.596370617963249,1.6432898872330979,D,Continental
C008,Synthetic city 8,2015,0.5442427544473404,0.464088327070008,0.2517407376381328,0.598370617963249,1.5674758464258591,D,Continental
C008,Synthetic city 8,2016,0.5442427544473404,0.5866826930115171,0.2527407376381328,0.600370617963249,1.6406102591730876,D,Continental
C008,Synthetic city 8,2017,0.5442427544473404,0.686979603690153,0.2537407376381328,0.602370617963249,1.64001794125515,D,Continental
C008,Synthetic city 8,2018,0.5442427544473404,0.5333197260686469,0.2547407376381328,0.604370617963249,1.6370336846610434,D,Continental
C008,Synthetic city 8,2019,0.5442427544473404,0.5824051019581946,0.2557407376381328,0.606370617963249,1.565841131090024,D,Continental
C008,Synthetic city 8,2020,0.5442427544473404,0.5264733611883516,0.2567407376381328,0.608370617963249,1.5714449320367525,D,Continental
C008,Synthetic city 8,2021,0.5442427544473404,0.4988903070528659,0.2577407376381328,0.610370617963249,1.670068438850545,D,Continental
C008,Synthetic city 8,2022,0.5442427544473404,0.48216497513577267,0.2587407376381328,0.612370617963249,1.598223253569502,D,Continental
C008,Synthetic city 8,2023,0.5442427544473404,0.5408790502244124,0.2597407376381328,0.614370617963249,1.534387697483071,D,Continental
C008,Synthetic city 8,2024,0.5442427544473404,0.548899767977956,0.2607407376381328,0.616370617963249,1.6174425275869106,D,Continental
C009,Synthetic city 9,2001,0.3042890535537316,0.43679062459434365,0.17412682613236655,0.5091972605553522,1.817598540498731,B,Dry
C009,Synthetic city 9,2002,0.3042890535537316,0.36857913540251974,0.17512682613236655,0.5111972605553522,1.6939039609159445,B,Dry
C009,Synthetic city 9,2003,0.3042890535537316,0.25913916929403163,0.17612682613236655,0.5131972605553522,1.758466318060315,B,Dry
C009,Synthetic city 9,2004,0.3042890535537316,0.38409491520768807,0.17712682613236655,0.5151972605553522,1.7261672265614045,B,Dry
C009,Synthetic city 9,2005,0.3042890535537316,0.29285235382349556,0.17812682613236655,0.5171972605553522,1.7134775682167063,B,Dry
C009,Synthetic city 9,2006,0.3042890535537316,0.29132014578157606,0.17912682613236655,0.5191972605553522,1.714672600874033,B,Dry
C009,Synthetic city 9,2007,0.3042890535537316,0.2505111409505747,0.18012682613236655,0.5211972605553522,1.7193368093910217,B,Dry
C009,Synthetic city 9,2008,0.3042890535537316,0.2835958778473192,0.18112682613236655,0.5231972605553522,1.7004663096443078,B,Dry
C009,Synthetic city 9,2009,0.3042890535537316,0.27132482341885134,0.18212682613236655,0.5251972605553522,1.7865978893138204,B,Dry
C009,Synthetic city 9,2010,0.3042890535537316,0.36207181641029235,0.18312682613236655,0.5271972605553522,1.672541170669989,B,Dry
C009,Synthetic city 9,2011,0.3042890535537316,0.28898596128906956,0.18412682613236656,0.5291972605553522,1.7194472035114234,B,Dry
C009,Synthetic city 9,2012,0.3042890535537316,0.3547645109027373,0.18512682613236656,0.5311972605553522,1.726338304597759,B,Dry
C009,Synthetic city 9,2013,0.3042890535537316,0.34766707214843545,0.18612682613236656,0.5331972605553522,1.785315877497038,B,Dry
C009,Synthetic city 9,2014,0.3042890535537316,0.28870520673944877,0.18712682613236656,0.5351972605553522,1.6890544796576716,B,Dry
C009,Synthetic city 9,2015,0.3042890535537316,0.31797023918771616,0.18812682613236656,0.5371972605553522,1.7093028526975047,B,Dry
C009,Synthetic city 9,2016,0.3042890535537316,0.299749035694352,0.18912682613236653,0.5391972605553522,1.7930495717813164,B,Dry
C009,Synthetic city 9,2017,0.3042890535537316,0.2797245076957673,0.19012682613236653,0.5411972605553522,1.7618005315016703,B,Dry
C009,Synthetic city 9,2018,0.3042890535537316,0.313005104988119,0.19112682613236653,0.5431972605553522,1.7583309416314408,B,Dry
C009,Synthetic city 9,2019,0.3042890535537316,0.2509767544054854,0.19212682613236653,0.5451972605553522,1.725509152134617,B,Dry
C009,Synthetic city 9,2020,0.3042890535537316,0.19714988910744885,0.19312682613236654,0.5471972605553522,1.7440124096553196,B,Dry
C009,Synthetic city 9,2021,0.3042890535537316,0.3036024832795924,0.19412682613236654,0.5491972605553522,1.7014899624663173,B,Dry
C009,Synthetic city 9,2022,0.3042890535537316,0.3741998598241158,0.19512682613236654,0.5511972605553522,1.7306587072703221,B,Dry
C009,Synthetic city 9,2023,0.3042890535537316,0.35564935661067265,0.19612682613236654,0.5531972605553522,1.743042161349666,B,Dry
C009,Synthetic city 9,2024,0.3042890535537316,0.2830863882921845,0.19712682613236654,0.5551972605553522,1.7370301207154957,B,Dry
C010,Synthetic city 10,2001,0.7424885907167651,0.8319441312363243,0.33249192454812504,0.3218549885602432,1.2974660086426524,C,Temperate
C010,Synthetic city 10,2002,0.7424885907167651,0.7936911373849548,0.33349192454812504,0.3238549885602432,1.2496682311094023,C,Temperate
C010,Synthetic city 10,2003,0.7424885907167651,0.8014894110406948,0.33449192454812504,0.3258549885602432,1.3217651078301433,C,Temperate
C010,Synthetic city 10,2004,0.7424885907167651,0.8103142911538472,0.33549192454812504,0.3278549885602432,1.3554306674835772,C,Temperate
C010,Synthetic city 10,2005,0.7424885907167651,0.7050780647601531,0.33649192454812504,0.3298549885602432,1.305887750182422,C,Temperate
C010,Synthetic city 10,2006,0.7424885907167651,0.7225346974334903,0.33749192454812504,0.3318549885602432,1.3491237328199384,C,Temperate
C010,Synthetic city 10,2007,0.7424885907167651,0.8007369485349678,0.33849192454812504,0.3338549885602432,1.2386900926261977,C,Temperate
C010,Synthetic city 10,2008,0.7424885907167651,0.7082553379104303,0.33949192454812505,0.3358549885602432,1.340787185473076,C,Temperate
C010,Synthetic city 10,2009,0.7424885907167651,0.7125999771968771,0.34049192454812505,0.3378549885602432,1.3100775744838455,C,Temperate
C010,Synthetic city 10,2010,0.7424885907167651,0.7392849988159286,0.34149192454812505,0.3398549885602432,1.3294795927830612,C,Temperate
C010,Synthetic city 10,2011,0.7424885907167651,0.7693189538494217,0.34249192454812505,0.3418549885602432,1.315898243523566,C,Temperate
C010,Synthetic city 10,2012,0.7424885907167651,0.7646453412137509,0.34349192454812505,0.3438549885602432,1.2608991307512643,C,Temperate
C010,Synthetic city 10,2013,0.7424885907167651,0.7224611696329186,0.34449192454812505,0.3458549885602432,1.292221914688245,C,Temperate
C010,Synthetic city 10,2014,0.7424885907167651,0.789379039318594,0.34549192454812505,0.3478549885602432,1.3079672563306057,C,Temperate
C010,Synthetic city 10,2015,0.7424885907167651,0.7710054845008601,0.34649192454812505,0.3498549885602432,1.2151289760957242,C,Temperate
C010,Synthetic city 10,2016,0.7424885907167651,0.6747421726026744,0.34749192454812505,0.3518549885602432,1.2432817055855916,C,Temperate
C010,Synthetic city 10,2017,0.7424885907167651,0.7696509018943338,0.34849192454812505,0.3538549885602432,1.2820391823349324,C,Temperate
C010,Synthetic city 10,2018,0.7424885907167651,0.7631123562633138,0.34949192454812505,0.3558549885602432,1.2764244601794479,C,Temperate
C010,Synthetic city 10,2019,0.7424885907167651,0.7500281177637799,0.35049192454812506,0.3578549885602432,1.2971193404019248,C,Temperate
C010,Synthetic city 10,2020,0.7424885907167651,0.6745523567030203,0.35149192454812506,0.35985498856024317,1.356791471218152,C,Temperate
C010,Synthetic city 10,2021,0.7424885907167651,0.756731383954903,0.35249192454812506,0.3618549885602432,1.3342593645829675,C,Temperate
C010,Synthetic city 10,2022,0.7424885907167651,0.7640232833480208,0.35349192454812506,0.3638549885602432,1.2931492013804902,C,Temperate
C010,Synthetic city 10,2023,0.7424885907167651,0.7476150087324909,0.35449192454812506,0.3658549885602432,1.2827461727965779,C,Temperate
C010,Synthetic city 10,2024,0.7424885907167651,0.7688903643819196,0.35549192454812506,0.3678549885602432,1.247676809120035,C,Temperate
C011,Synthetic city 11,2001,1.2236854285048737,1.3090361161132265,0.5628760285002357,0.18814384791588729,0.753059139614243,A,Tropical
C011,Synthetic city 11,2002,1.2236854285048737,1.2700493063062552,0.5638760285002357,0.1901438479158873,0.7549570466114381,A,Tropical
C011,Synthetic city 11,2003,1.2236854285048737,1.2588382711674206,0.5648760285002357,0.1921438479158873,0.7914519156915364,A,Tropical
C011,Synthetic city 11,2004,1.2236854285048737,1.2226612025144044,0.5658760285002357,0.1941438479158873,0.7446645538075731,A,Tropical
C011,Synthetic city 11,2005,1.2236854285048737,1.2198825654192502,0.5668760285002357,0.1961438479158873,0.7287134137281217,A,Tropical
C011,Synthetic city 11,2006,1.2236854285048737,1.2732404336904941,0.5678760285002357,0.1981438479158873,0.7978452668281792,A,Tropical
C011,Synthetic city 11,2007,1.2236854285048737,1.2659043676611945,0.5688760285002357,0.2001438479158873,0.7929567646959896,A,Tropical
C011,Synthetic city 11,2008,1.2236854285048737,1.2484678002498732,0.5698760285002357,0.2021438479158873,0.6765257737478191,A,Tropical
C011,Synthetic city 11,2009,1.2236854285048737,1.0226130179126247,0.5708760285002357,0.2041438479158873,0.7066117255354794,A,Tropical
C011,Synthetic city 11,2010,1.2236854285048737,1.172042800180757,0.5718760285002357,0.2061438479158873,0.629816007971016,A,Tropical
C011,Synthetic city 11,2011,1.2236854285048737,1.2668735396606858,0.5728760285002357,0.20814384791588728,0.7496221696041101,A,Tropical
C011,Synthetic city 11,2012,1.2236854285048737,1.201695378115757,0.5738760285002357,0.21014384791588728,0.5965950502632219,A,Tropical
C011,Synthetic city 11,2013,1.2236854285048737,1.1855206896586479,0.5748760285002357,0.21214384791588728,0.636970717718659,A,Tropical
C011,Synthetic city 11,2014,1.2236854285048737,1.2745044828353758,0.5758760285002357,0.21414384791588728,0.7112573791198221,A,Tropical
C011,Synthetic city 11,2015,1.2236854285048737,1.2822345743868762,0.5768760285002357,0.21614384791588728,0.6064182068943602,A,Tropical
C011,Synthetic city 11,2016,1.2236854285048737,1.1427407741526348,0.5778760285002357,0.21814384791588728,0.7522337805734992,A,Tropical
C011,Synthetic city 11,2017,1.2236854285048737,1.2534873397291788,0.5788760285002357,0.2201438479158873,0.6785186947809652,A,Tropical
C011,Synthetic city 11,2018,1.2236854285048737,1.1696335653987469,0.5798760285002357,0.2221438479158873,0.7403869852437318,A,Tropical
C011,Synthetic city 11,2019,1.2236854285048737,1.2108916282216333,0.5808760285002357,0.2241438479158873,0.6886612734756746,A,Tropical
C011,Synthetic city 11,2020,1.2236854285048737,1.18000702799087,0.5818760285002357,0.2261438479158873,0.7523301901183084,A,Tropical
C011,Synthetic city 11,2021,1.2236854285048737,1.2626812889336794,0.5828760285002357,0.2281438479158873,0.7770249802963755,A,Tropical
C011,Synthetic city 11,2022,1.2236854285048737,1.2744248254352335,0.5838760285002357,0.2301438479158873,0.672939879796791,A,Tropical
C011,Synthetic city 11,2023,1.2236854285048737,1.202167462153945,0.5848760285002357,0.23214384791588727,0.7844880556122242,A,Tropical
C011,Synthetic city 11,2024,1.2236854285048737,1.169882751492477,0.5858760285002357,0.23414384791588727,0.7389031351572161,A,Tropical
C012,Synthetic city 12,2001,0.6135274967159934,0.7016491135071388,0.23286265618958263,0.6217917194498526,1.5491388937973107,D,Continental
C012,Synthetic city 12,2002,0.6135274967159934,0.5937897200558173,0.23386265618958263,0.6237917194498526,1.5847526354239436,D,Continental
C012,Synthetic city 12,2003,0.6135274967159934,0.5379036206159739,0.23486265618958263,0.6257917194498526,1.5713096676866543,D,Continental
C012,Synthetic city 12,2004,0.6135274967159934,0.5387940120434239,0.23586265618958263,0.6277917194498526,1.602632486749848,D,Continental
C012,Synthetic city 12,2005,0.6135274967159934,0.5953518296058822,0.23686265618958263,0.6297917194498526,1.625958130771755,D,Continental
C012,Synthetic city 12,2006,0.6135274967159934,0.5652741850874913,0.23786265618958263,0.6317917194498526,1.5749031251833912,D,Continental
C012,Synthetic city 12,2007,0.6135274967159934,0.6186583300037417,0.23886265618958263,0.6337917194498526,1.5621055715918524,D,Continental
C012,Synthetic city 12,2008,0.6135274967159934,0.6532841959344629,0.23986265618958263,0.6357917194498526,1.5259059165325615,D,Continental
C012,Synthetic city 12,2009,0.6135274967159934,0.6208747289250225,0.24086265618958264,0.6377917194498526,1.5604040302587148,D,Continental
C012,Synthetic city 12,2010,0.6135274967159934,0.5766982751633245,0.24186265618958264,0.6397917194498526,1.6368479997326948,D,Continental
C012,Synthetic city 12,2011,0.6135274967159934,0.6033157746486316,0.24286265618958264,0.6417917194498526,1.5455556726331896,D,Continental
C012,Synthetic city 12,2012,0.6135274967159934,0.6611735550504796,0.24386265618958264,0.6437917194498526,1.5547179672086948,D,Continental
C012,Synthetic city 12,2013,0.6135274967159934,0.6035908841430866,0.24486265618958264,0.6457917194498526,1.5312786462305517,D,Continental
C012,Synthetic city 12,2014,0.6135274967159934,0.6458677588563865,0.24586265618958264,0.6477917194498526,1.6012209950186547,D,Continental
C012,Synthetic city 12,2015,0.6135274967159934,0.5632202373576829,0.24686265618958264,0.6497917194498526,1.51527651467335,D,Continental
C012,Synthetic city 12,2016,0.6135274967159934,0.6310694356030584,0.24786265618958264,0.6517917194498526,1.5990635101371538,D,Continental
C012,Synthetic city 12,2017,0.6135274967159934,0.5869217360755037,0.24886265618958264,0.6537917194498526,1.5926085365029663,D,Continental
C012,Synthetic city 12,2018,0.6135274967159934,0.6704882879976727,0.24986265618958264,0.6557917194498526,1.533771426665378,D,Continental
C012,Synthetic city 12,2019,0.6135274967159934,0.6528006259114016,0.25086265618958264,0.6577917194498526,1.528883445276107,D,Continental
C012,Synthetic city 12,2020,0.6135274967159934,0.6299552948903893,0.25186265618958265,0.6597917194498526,1.563800010572768,D,Continental
C012,Synthetic city 12,2021,0.6135274967159934,0.6307985657884488,0.25286265618958265,0.6617917194498526,1.6435212524564602,D,Continental
C012,Synthetic city 12,2022,0.6135274967159934,0.5639115810791332,0.25386265618958265,0.6637917194498526,1.4952691406884315,D,Continental
C012,Synthetic city 12,2023,0.6135274967159934,0.6322378494108405,0.25486265618958265,0.6657917194498526,1.6416097612817633,D,Continental
C012,Synthetic city 12,2024,0.6135274967159934,0.5969905590706532,0.25586265618958265,0.6677917194498526,1.4994176334965887,D,Continental
C013,Synthetic city 13,2001,0.20703793556745514,0.15526369906413645,0.1943283588034394,0.510727412031601,1.576607087202706,B,Dry
C013,Synthetic city 13,2002,0.20703793556745514,0.19054489856563428,0.1953283588034394,0.512727412031601,1.6102456819050874,B,Dry
C013,Synthetic city 13,2003,0.20703793556745514,0.2560891975615237,0.1963283588034394,0.514727412031601,1.6473431061849921,B,Dry
C013,Synthetic city 13,2004,0.20703793556745514,0.1656674981149981,0.1973283588034394,0.516727412031601,1.5648779236898847,B,Dry
C013,Synthetic city 13,2005,0.20703793556745514,0.2576831259392721,0.1983283588034394,0.518727412031601,1.564763918952255,B,Dry
C013,Synthetic city 13,2006,0.20703793556745514,0.20692037163983593,0.1993283588034394,0.520727412031601,1.5775854667100644,B,Dry
C013,Synthetic city 13,2007,0.20703793556745514,0.28181863877571356,0.2003283588034394,0.522727412031601,1.674818460240326,B,Dry
C013,Synthetic city 13,2008,0.20703793556745514,0.1767724068668202,0.2013283588034394,0.524727412031601,1.6596921362039994,B,Dry
C013,Synthetic city 13,2009,0.20703793556745514,0.14301450882958647,0.2023283588034394,0.526727412031601,1.5653770944709424,B,Dry
C013,Synthetic city 13,2010,0.20703793556745514,0.21796968945813172,0.2033283588034394,0.528727412031601,1.5692120971252355,B,Dry
C013,Synthetic city 13,2011,0.20703793556745514,0.16893336958265956,0.2043283588034394,0.530727412031601,1.523409946404077,B,Dry
C013,Synthetic city 13,2012,0.20703793556745514,0.10544232994107779,0.20532835880343941,0.532727412031601,1.6387988038121435,B,Dry
C013,Synthetic city 13,2013,0.20703793556745514,0.299424705646848,0.20632835880343942,0.534727412031601,1.559009472339966,B,Dry
C013,Synthetic city 13,2014,0.20703793556745514,0.27771719665985256,0.20732835880343942,0.536727412031601,1.6498337105229948,B,Dry
C013,Synthetic city 13,2015,0.20703793556745514,0.2768259719221524,0.20832835880343942,0.538727412031601,1.476638605806887,B,Dry
C013,Synthetic city 13,2016,0.20703793556745514,0.22750463652344227,0.20932835880343942,0.540727412031601,1.6775461528997644,B,Dry
C013,Synthetic city 13,2017,0.20703793556745514,0.19932641821453156,0.21032835880343942,0.542727412031601,1.6114827557265627,B,Dry
C013,Synthetic city 13,2018,0.20703793556745514,0.2001530410698373,0.21132835880343942,0.544727412031601,1.6270759446824492,B,Dry
C013,Synthetic city 13,2019,0.20703793556745514,0.12464820332289324,0.21232835880343942,0.546727412031601,1.484733018894134,B,Dry
C013,Synthetic city 13,2020,0.20703793556745514,0.2002564170519185,0.2133283588034394,0.548727412031601,1.6385043660054277,B,Dry
C013,Synthetic city 13,2021,0.20703793556745514,0.2006904716208359,0.2143283588034394,0.550727412031601,1.5070365975725364,B,Dry
C013,Synthetic city 13,2022,0.20703793556745514,0.24721982713825658,0.2153283588034394,0.552727412031601,1.5953083994286505,B,Dry
C013,Synthetic city 13,2023,0.20703793556745514,0.16017625431780214,0.2163283588034394,0.554727412031601,1.6026778576673082,B,Dry
C013,Synthetic city 13,2024,0.20703793556745514,0.2975513967715016,0.2173283588034394,0.556727412031601,1.5100915210313595,B,Dry
C014,Synthetic city 14,2001,0.6730546124358319,0.7035772771917916,0.35145247071929164,0.28124020360149554,1.1868132332460009,C,Temperate
C014,Synthetic city 14,2002,0.6730546124358319,0.6113470924790493,0.35245247071929164,0.28324020360149554,1.138499058844164,C,Temperate
C014,Synthetic city 14,2003,0.6730546124358319,0.7512730043066795,0.35345247071929164,0.28524020360149555,1.3393542277744586,C,Temperate
C014,Synthetic city 14,2004,0.6730546124358319,0.6684444189470382,0.35445247071929165,0.28724020360149555,1.2818784398959524,C,Temperate
C014,Synthetic city 14,2005,0.6730546124358319,0.6850670759203618,0.35545247071929165,0.28924020360149555,1.2343611670884815,C,Temperate
C014,Synthetic city 14,2006,0.6730546124358319,0.5967844737190827,0.35645247071929165,0.29124020360149555,1.195387363954481,C,Temperate
C014,Synthetic city 14,2007,0.6730546124358319,0.6498152947089668,0.35745247071929165,0.29324020360149555,1.3024635281057106,C,Temperate
C014,Synthetic city 14,2008,0.6730546124358319,0.6912778284720058,0.35845247071929165,0.29524020360149555,1.1949492721607207,C,Temperate
C014,Synthetic city 14,2009,0.6730546124358319,0.7447778370173083,0.35945247071929165,0.29724020360149556,1.18781309094703,C,Temperate
C014,Synthetic city 14,2010,0.6730546124358319,0.6708159011020172,0.36045247071929165,0.29924020360149556,1.1882098003991892,C,Temperate
C014,Synthetic city 14,2011,0.6730546124358319,0.7617593122249434,0.36145247071929165,0.30124020360149556,1.255062124801279,C,Temperate
C014,Synthetic city 14,2012,0.6730546124358319,0.6120407843279045,0.36245247071929165,0.30324020360149556,1.2154078399407344,C,Temperate
C014,Synthetic city 14,2013,0.6730546124358319,0.6375929953119027,0.36345247071929165,0.30524020360149556,1.2255860655374293,C,Temperate
C014,Synthetic city 14,2014,0.6730546124358319,0.5969555424964732,0.36445247071929165,0.30724020360149557,1.2422856113492597,C,Temperate
C014,Synthetic city 14,2015,0.6730546124358319,0.6684475095067914,0.36545247071929166,0.30924020360149557,1.2545293731729847,C,Temperate
C014,Synthetic city 14,2016,0.6730546124358319,0.6574061168534482,0.36645247071929166,0.3112402036014955,1.1825629590725109,C,Temperate
C014,Synthetic city 14,2017,0.6730546124358319,0.6658090526455445,0.36745247071929166,0.3132402036014955,1.3490734078265258,C,Temperate
C014,Synthetic city 14,2018,0.6730546124358319,0.6299770848267808,0.36845247071929166,0.3152402036014955,1.2453197742269053,C,Temperate
C014,Synthetic city 14,2019,0.6730546124358319,0.7086804396701297,0.36945247071929166,0.3172402036014955,1.2233287414857739,C,Temperate
C014,Synthetic city 14,2020,0.6730546124358319,0.7377348999965221,0.37045247071929166,0.3192402036014955,1.318119360955446,C,Temperate
C014,Synthetic city 14,2021,0.6730546124358319,0.6710296170312698,0.37145247071929166,0.3212402036014955,1.1794337724728012,C,Temperate
C014,Synthetic city 14,2022,0.6730546124358319,0.6693793937694764,0.37245247071929166,0.3232402036014955,1.2341830978762929,C,Temperate
C014,Synthetic city 14,2023,0.6730546124358319,0.7048673897010145,0.37345247071929166,0.3252402036014955,1.2880660731629463,C,Temperate
C014,Synthetic city 14,2024,0.6730546124358319,0.7284820856876253,0.37445247071929166,0.3272402036014955,1.2880393789738287,C,Temperate
C015,Synthetic city 15,2001,1.1770735652794637,1.138280451855158,0.5009414966233952,0.15573358310411897,0.7093903557380695,A,Tropical
C015,Synthetic city 15,2002,1.1770735652794637,1.2114019017288882,0.5019414966233952,0.15773358310411897,0.7082543347446326,A,Tropical
C015,Synthetic city 15,2003,1.1770735652794637,1.0975151153378766,0.5029414966233952,0.15973358310411898,0.8411483656960984,A,Tropical
C015,Synthetic city 15,2004,1.1770735652794637,1.2021933142710295,0.5039414966233952,0.16173358310411898,0.7637023050941902,A,Tropical
C015,Synthetic city 15,2005,1.1770735652794637,1.1263636972076374,0.5049414966233952,0.16373358310411898,0.7565951221059145,A,Tropical
C015,Synthetic city 15,2006,1.1770735652794637,1.2244673693135597,0.5059414966233952,0.16573358310411898,0.7252636478771453,A,Tropical
C015,Synthetic city 15,2007,1.1770735652794637,1.1774449798314672,0.5069414966233952,0.16773358310411898,0.6915588606128842,A,Tropical
C015,Synthetic city 15,2008,1.1770735652794637,1.224829952718684,0.5079414966233952,0.16973358310411898,0.7575795435827728,A,Tropical
C015,Synthetic city 15,2009,1.1770735652794637,1.1809237471200653,0.5089414966233952,0.17173358310411896,0.7837118343390393,A,Tropical
C015,Synthetic city 15,2010,1.1770735652794637,1.2216337579633854,0.5099414966233952,0.17373358310411896,0.6612204222022819,A,Tropical
C015,Synthetic city 15,2011,1.1770735652794637,1.0893027594598537,0.5109414966233952,0.17573358310411896,0.813792754928594,A,Tropical
C015,Synthetic city 15,2012,1.1770735652794637,1.281361266065919,0.5119414966233952,0.17773358310411896,0.7283963630797873,A,Tropical
C015,Synthetic city 15,2013,1.1770735652794637,1.1583844756681376,0.5129414966233952,0.17973358310411897,0.8117255623116559,A,Tropical
C015,Synthetic city 15,2014,1.1770735652794637,1.266874251641799,0.5139414966233952,0.18173358310411897,0.7748745279990729,A,Tropical
C015,Synthetic city 15,2015,1.1770735652794637,1.154366616109364,0.5149414966233952,0.18373358310411897,0.7552202412672191,A,Tropical
C015,Synthetic city 15,2016,1.1770735652794637,1.2485820310491642,0.5159414966233952,0.18573358310411897,0.7357077108906662,A,Tropical
C015,Synthetic city 15,2017,1.1770735652794637,1.1936047170488413,0.5169414966233952,0.18773358310411897,0.838318094943254,A,Tropical
C015,Synthetic city 15,2018,1.1770735652794637,1.1371200858780974,0.5179414966233952,0.18973358310411897,0.7685251724049099,A,Tropical
C015,Synthetic city 15,2019,1.1770735652794637,1.2474331225692077,0.5189414966233952,0.19173358310411898,0.712333043594097,A,Tropical
C015,Synthetic city 15,2020,1.1770735652794637,1.2671854828053062,0.5199414966233952,0.19373358310411898,0.6631107636684759,A,Tropical
C015,Synthetic city 15,2021,1.1770735652794637,1.179169436067248,0.5209414966233952,0.19573358310411898,0.7349174782200041,A,Tropical
C015,Synthetic city 15,2022,1.1770735652794637,1.1681571203077254,0.5219414966233952,0.19773358310411898,0.7559859953138087,A,Tropical
C015,Synthetic city 15,2023,1.1770735652794637,1.1477191511115348,0.5229414966233952,0.19973358310411898,0.8364366540018943,A,Tropical
C015,Synthetic city 15,2024,1.1770735652794637,1.2005667181750028,0.5239414966233952,0.20173358310411899,0.7316287675726421,A,Tropical
C016,Synthetic city 16,2001,0.6249920276641754,0.5436446676012079,0.26289847733532234,0.6446872432702676,1.4695692241964688,D,Continental
C016,Synthetic city 16,2002,0.6249920276641754,0.6677998003192367,0.26389847733532235,0.6466872432702676,1.5000135023026975,D,Continental
C016,Synthetic city 16,2003,0.6249920276641754,0.6317773016822036,0.26489847733532235,0.6486872432702676,1.5063222070924809,D,Continental
C016,Synthetic city 16,2004,0.6249920276641754,0.6120042274913624,0.26589847733532235,0.6506872432702676,1.5421351101271206,D,Continental
C016,Synthetic city 16,2005,0.6249920276641754,0.5879659017500278,0.26689847733532235,0.6526872432702676,1.44160102288523,D,Continental
C016,Synthetic city 16,2006,0.6249920276641754,0.5627971898642986,0.26789847733532235,0.6546872432702676,1.415744626249313,D,Continental
C016,Synthetic city 16,2007,0.6249920276641754,0.6298191930514044,0.26889847733532235,0.6566872432702676,1.577461955297906,D,Continental
C016,Synthetic city 16,2008,0.6249920276641754,0.6003762053884205,0.26989847733532235,0.6586872432702676,1.5055992887427743,D,Continental
C016,Synthetic city 16,2009,0.6249920276641754,0.6042263575279806,0.27089847733532235,0.6606872432702676,1.4622789023434988,D,Continental
C016,Synthetic city 16,2010,0.6249920276641754,0.6931728287133292,0.27189847733532235,0.6626872432702676,1.4748788144710099,D,Continental
C016,Synthetic city 16,2011,0.6249920276641754,0.5422179309044144,0.27289847733532235,0.6646872432702676,1.5518795630545743,D,Continental
C016,Synthetic city 16,2012,0.6249920276641754,0.6246018786550317,0.27389847733532235,0.6666872432702676,1.5211887730439617,D,Continental
C016,Synthetic city 16,2013,0.6249920276641754,0.6607366179145953,0.27489847733532236,0.6686872432702676,1.4932524670660081,D,Continental
C016,Synthetic city 16,2014,0.6249920276641754,0.6198480349089385,0.27589847733532236,0.6706872432702676,1.443005882116249,D,Continental
C016,Synthetic city 16,2015,0.6249920276641754,0.6031188733079694,0.27689847733532236,0.6726872432702676,1.4516952907752263,D,Continental
C016,Synthetic city 16,2016,0.6249920276641754,0.675739825989828,0.27789847733532236,0.6746872432702676,1.501109815319172,D,Continental
C016,Synthetic city 16,2017,0.6249920276641754,0.6184368533396124,0.27889847733532236,0.6766872432702676,1.5309426016766594,D,Continental
C016,Synthetic city 16,2018,0.6249920276641754,0.6170278916772507,0.27989847733532236,0.6786872432702676,1.609724503442221,D,Continental
C016,Synthetic city 16,2019,0.6249920276641754,0.6727555418115782,0.28089847733532236,0.6806872432702676,1.4859686106370344,D,Continental
C016,Synthetic city 16,2020,0.6249920276641754,0.6017453733353125,0.28189847733532236,0.6826872432702676,1.5832530858608445,D,Continental
C016,Synthetic city 16,2021,0.6249920276641754,0.6526509065434438,0.28289847733532236,0.6846872432702676,1.5175534914090663,D,Continental
C016,Synthetic city 16,2022,0.6249920276641754,0.692766463403218,0.28389847733532236,0.6866872432702676,1.5257278616384273,D,Continental
C016,Synthetic city 16,2023,0.6249920276641754,0.6132519018370912,0.28489847733532236,0.6886872432702676,1.410632205705329,D,Continental
C016,Synthetic city 16,2024,0.6249920276641754,0.667382624953062,0.28589847733532237,0.6906872432702676,1.5520647585608192,D,Continental
C017,Synthetic city 17,2001,0.2344316480379221,0.1723987647288895,0.14646901405835147,0.48324938584288696,1.4689234778891425,B,Dry
C017,Synthetic city 17,2002,0.2344316480379221,0.2316481475682062,0.14746901405835147,0.48524938584288696,1.5980677016172535,B,Dry
C017,Synthetic city 17,2003,0.2344316480379221,0.21496796855533445,0.14846901405835147,0.48724938584288696,1.491010901520181,B,Dry
C017,Synthetic city 17,2004,0.2344316480379221,0.21611697008185207,0.14946901405835147,0.48924938584288696,1.61844025005352,B,Dry
C017,Synthetic city 17,2005,0.2344316480379221,0.22925211412135493,0.15046901405835147,0.49124938584288697,1.4497847125926244,B,Dry
C017,Synthetic city 17,2006,0.2344316480379221,0.27659815727735493,0.15146901405835148,0.49324938584288697,1.403645678458128,B,Dry
C017,Synthetic city 17,2007,0.2344316480379221,0.15395132438413245,0.15246901405835148,0.49524938584288697,1.5396184059562739,B,Dry
C017,Synthetic city 17,2008,0.2344316480379221,0.21682659018173014,0.15346901405835148,0.49724938584288697,1.5472444366327072,B,Dry
C017,Synthetic city 17,2009,0.2344316480379221,0.19434443491627107,0.15446901405835148,0.499249385842887,1.5990605734425587,B,Dry
C017,Synthetic city 17,2010,0.2344316480379221,0.23149112231238558,0.15546901405835148,0.5012493858428869,1.5594448356429296,B,Dry
C017,Synthetic city 17,2011,0.2344316480379221,0.20755214974189118,0.15646901405835148,0.5032493858428869,1.5509955335912449,B,Dry
C017,Synthetic city 17,2012,0.2344316480379221,0.2293512216754929,0.15746901405835148,0.5052493858428869,1.4540172080494096,B,Dry
C017,Synthetic city 17,2013,0.2344316480379221,0.17505364587794836,0.15846901405835148,0.5072493858428869,1.4856457017725748,B,Dry
C017,Synthetic city 17,2014,0.2344316480379221,0.24536901101728192,0.15946901405835148,0.5092493858428869,1.5147147863003796,B,Dry
C017,Synthetic city 17,2015,0.2344316480379221,0.19443842159485358,0.16046901405835148,0.5112493858428869,1.4923978195745815,B,Dry
C017,Synthetic city 17,2016,0.2344316480379221,0.28495737476833183,0.16146901405835146,0.5132493858428869,1.5052998295419915,B,Dry
C017,Synthetic city 17,2017,0.2344316480379221,0.2996935450762641,0.16246901405835146,0.5152493858428869,1.557419935700358,B,Dry
C017,Synthetic city 17,2018,0.2344316480379221,0.16902975090681316,0.16346901405835146,0.5172493858428869,1.5937431043114132,B,Dry
C017,Synthetic city 17,2019,0.2344316480379221,0.25633631210493213,0.16446901405835146,0.5192493858428869,1.5213529422786665,B,Dry
C017,Synthetic city 17,2020,0.2344316480379221,0.24221710890671885,0.16546901405835146,0.5212493858428869,1.557006059042222,B,Dry
C017,Synthetic city 17,2021,0.2344316480379221,0.26548636990121743,0.16646901405835146,0.5232493858428869,1.5609010891135386,B,Dry
C017,Synthetic city 17,2022,0.2344316480379221,0.2331524774163175,0.16746901405835146,0.5252493858428869,1.5260292009114675,B,Dry
C017,Synthetic city 17,2023,0.2344316480379221,0.20470295617475048,0.16846901405835146,0.5272493858428869,1.5699932495109206,B,Dry
C017,Synthetic city 17,2024,0.2344316480379221,0.16194005922252788,0.16946901405835146,0.5292493858428869,1.5502468357365355,B,Dry
C018,Synthetic city 18,2001,0.7236487000971673,0.7289259715833233,0.3738856065997084,0.28589503228489227,1.173829488191043,C,Temperate
C018,Synthetic city 18,2002,0.7236487000971673,0.7320876741165379,0.3748856065997084,0.28789503228489227,1.1842347395957358,C,Temperate
C018,Synthetic city 18,2003,0.7236487000971673,0.6514011429688369,0.3758856065997084,0.2898950322848923,1.2699183494984154,C,Temperate
C018,Synthetic city 18,2004,0.7236487000971673,0.7811132166292036,0.3768856065997084,0.2918950322848923,1.1148904720104416,C,Temperate
C018,Synthetic city 18,2005,0.7236487000971673,0.7238139211102403,0.3778856065997084,0.2938950322848923,1.2202211418585454,C,Temperate
C018,Synthetic city 18,2006,0.7236487000971673,0.7626880922633984,0.3788856065997084,0.2958950322848923,1.2574893937264195,C,Temperate
C018,Synthetic city 18,2007,0.7236487000971673,0.7685406310553107,0.3798856065997084,0.2978950322848923,1.2216169621251387,C,Temperate
C018,Synthetic city 18,2008,0.7236487000971673,0.7333355826326508,0.3808856065997084,0.2998950322848923,1.2916951089628885,C,Temperate
C018,Synthetic city 18,2009,0.7236487000971673,0.6936892103652748,0.3818856065997084,0.3018950322848923,1.1609978524443412,C,Temperate
C018,Synthetic city 18,2010,0.7236487000971673,0.7337956674001228,0.3828856065997084,0.3038950322848923,1.2134174475624373,C,Temperate
C018,Synthetic city 18,2011,0.7236487000971673,0.7164621775744163,0.3838856065997084,0.3058950322848923,1.24961327334506,C,Temperate
C018,Synthetic city 18,2012,0.7236487000971673,0.7248885921036995,0.3848856065997084,0.3078950322848923,1.2783096810829602,C,Temperate
C018,Synthetic city 18,2013,0.7236487000971673,0.8494281659077942,0.3858856065997084,0.3098950322848923,1.2491343446901182,C,Temperate
C018,Synthetic city 18,2014,0.7236487000971673,0.7129811801176423,0.3868856065997084,0.3118950322848923,1.1638683773249647,C,Temperate
C018,Synthetic city 18,2015,0.7236487000971673,0.733807089750255,0.3878856065997084,0.3138950322848923,1.2847098667888852,C,Temperate
C018,Synthetic city 18,2016,0.7236487000971673,0.7412110071368313,0.3888856065997084,0.31589503228489224,1.1754575816039041,C,Temperate
C018,Synthetic city 18,2017,0.7236487000971673,0.778823998688263,0.3898856065997084,0.31789503228489224,1.2468197982199283,C,Temperate
C018,Synthetic city 18,2018,0.7236487000971673,0.7873434160042353,0.3908856065997084,0.31989503228489224,1.2932575897838445,C,Temperate
C018,Synthetic city 18,2019,0.7236487000971673,0.7551306020073496,0.3918856065997084,0.32189503228489225,1.2490751407587124,C,Temperate
C018,Synthetic city 18,2020,0.7236487000971673,0.7525906742344461,0.3928856065997084,0.32389503228489225,1.2479611875425012,C,Temperate
C018,Synthetic city 18,2021,0.7236487000971673,0.6497869901128277,0.3938856065997084,0.32589503228489225,1.1759429822153238,C,Temperate
C018,Synthetic city 18,2022,0.7236487000971673,0.8235216030892714,0.3948856065997084,0.32789503228489225,1.2448054396181367,C,Temperate
C018,Synthetic city 18,2023,0.7236487000971673,0.7606627264608521,0.3958856065997084,0.32989503228489225,1.176620954120101,C,Temperate
C018,Synthetic city 18,2024,0.7236487000971673,0.6020152828565914,0.3968856065997084,0.33189503228489226,1.2168367676953424,C,Temperate
C019,Synthetic city 19,2001,1.105290042766558,1.1898338404219861,0.5985168801485232,0.16935360326318394,0.8853784265012675,A,Tropical
C019,Synthetic city 19,2002,1.105290042766558,1.093744662831152,0.5995168801485232,0.17135360326318394,0.8457666312766031,A,Tropical
C019,Synthetic city 19,2003,1.105290042766558,1.1198122907952932,0.6005168801485232,0.17335360326318394,0.8540988272629606,A,Tropical
C019,Synthetic city 19,2004,1.105290042766558,1.1040131186614932,0.6015168801485232,0.17535360326318394,0.9245090911553826,A,Tropical
C019,Synthetic city 19,2005,1.105290042766558,1.0522773271586545,0.6025168801485232,0.17735360326318395,0.9347946289112627,A,Tropical
C019,Synthetic city 19,2006,1.105290042766558,1.1268260257817353,0.6035168801485232,0.17935360326318395,0.8919925340224323,A,Tropical
C019,Synthetic city 19,2007,1.105290042766558,1.1053898554025112,0.6045168801485232,0.18135360326318395,0.9307603653992013,A,Tropical
C019,Synthetic city 19,2008,1.105290042766558,1.1136850217467746,0.6055168801485232,0.18335360326318395,0.8900698134463876,A,Tropical
C019,Synthetic city 19,2009,1.105290042766558,1.1016819339336401,0.6065168801485232,0.18535360326318395,0.9010264344777598,A,Tropical
C019,Synthetic city 19,2010,1.105290042766558,1.1551800583947542,0.6075168801485232,0.18735360326318395,0.9006380310917478,A,Tropical
C019,Synthetic city 19,2011,1.105290042766558,1.0758410851841738,0.6085168801485232,0.18935360326318393,0.7769279378643452,A,Tropical
C019,Synthetic city 19,2012,1.105290042766558,1.0903113504625883,0.6095168801485232,0.19135360326318393,0.8801651203980613,A,Tropical
C019,Synthetic city 19,2013,1.105290042766558,1.0944102281912995,0.6105168801485232,0.19335360326318393,0.9429396515536141,A,Tropical
C019,Synthetic city 19,2014,1.105290042766558,1.0849213164047795,0.6115168801485232,0.19535360326318393,0.9625650556044789,A,Tropical
C019,Synthetic city 19,2015,1.105290042766558,1.1421582614350105,0.6125168801485232,0.19735360326318394,0.921201425689095,A,Tropical
C019,Synthetic city 19,2016,1.105290042766558,1.2153665905646074,0.6135168801485232,0.19935360326318394,0.9942898166824328,A,Tropical
C019,Synthetic city 19,2017,1.105290042766558,1.1796603191027843,0.6145168801485232,0.20135360326318394,0.8591238248557925,A,Tropical
C019,Synthetic city 19,2018,1.105290042766558,1.0974069392732986,0.6155168801485232,0.20335360326318394,0.8453512990544816,A,Tropical
C019,Synthetic city 19,2019,1.105290042766558,1.0877691014535023,0.6165168801485232,0.20535360326318394,0.9000031079557117,A,Tropical
C019,Synthetic city 19,2020,1.105290042766558,1.075548285200067,0.6175168801485232,0.20735360326318394,0.9136797744646483,A,Tropical
C019,Synthetic city 19,2021,1.105290042766558,1.133178253732451,0.6185168801485232,0.20935360326318395,0.9421906794724462,A,Tropical
C019,Synthetic city 19,2022,1.105290042766558,1.1145965607130888,0.6195168801485232,0.21135360326318395,0.9003053655388045,A,Tropical
C019,Synthetic city 19,2023,1.105290042766558,1.1006027467980017,0.6205168801485232,0.21335360326318392,0.8458684139247032,A,Tropical
C019,Synthetic city 19,2024,1.105290042766558,1.093823362471307,0.6215168801485232,0.21535360326318392,0.8787781587982209,A,Tropical
C020,Synthetic city 20,2001,0.5841111764893362,0.5945751704234127,0.23675461532984465,0.6130153009406087,1.5914513650225797,D,Continental
C020,Synthetic city 20,2002,0.5841111764893362,0.554227784705763,0.23775461532984465,0.6150153009406087,1.5910484715210083,D,Continental
C020,Synthetic city 20,2003,0.5841111764893362,0.5530793543760838,0.23875461532984465,0.6170153009406087,1.5693168070199568,D,Continental
C020,Synthetic city 20,2004,0.5841111764893362,0.5913854928199173,0.23975461532984466,0.6190153009406087,1.571448694034672,D,Continental
C020,Synthetic city 20,2005,0.5841111764893362,0.5150811011372541,0.24075461532984466,0.6210153009406087,1.6025689217456247,D,Continental
C020,Synthetic city 20,2006,0.5841111764893362,0.5323346724264384,0.24175461532984466,0.6230153009406088,1.5898489551510913,D,Continental
C020,Synthetic city 20,2007,0.5841111764893362,0.5632163978088239,0.24275461532984466,0.6250153009406088,1.5673738076405885,D,Continental
C020,Synthetic city 20,2008,0.5841111764893362,0.4953184624474146,0.24375461532984466,0.6270153009406088,1.584741123056973,D,Continental
C020,Synthetic city 20,2009,0.5841111764893362,0.648018981605244,0.24475461532984466,0.6290153009406088,1.5030867198280922,D,Continental
C020,Synthetic city 20,2010,0.5841111764893362,0.5672521754514023,0.24575461532984466,0.6310153009406088,1.6259615458137293,D,Continental
C020,Synthetic city 20,2011,0.5841111764893362,0.6442846655492913,0.24675461532984466,0.6330153009406088,1.6191134398691314,D,Continental
C020,Synthetic city 20,2012,0.5841111764893362,0.5676658810520412,0.24775461532984466,0.6350153009406088,1.602742972865081,D,Continental
C020,Synthetic city 20,2013,0.5841111764893362,0.5393063754369164,0.24875461532984466,0.6370153009406088,1.5570070917438978,D,Continental
C020,Synthetic city 20,2014,0.5841111764893362,0.6070189959714969,0.24975461532984466,0.6390153009406088,1.5817638402830623,D,Continental
C020,Synthetic city 20,2015,0.5841111764893362,0.555519072583889,0.25075461532984467,0.6410153009406088,1.6425863460620365,D,Continental
C020,Synthetic city 20,2016,0.5841111764893362,0.5852382434966186,0.25175461532984467,0.6430153009406088,1.5973954477025407,D,Continental
C020,Synthetic city 20,2017,0.5841111764893362,0.6472093879067735,0.25275461532984467,0.6450153009406088,1.6934192606851883,D,Continental
C020,Synthetic city 20,2018,0.5841111764893362,0.5730716255296735,0.25375461532984467,0.6470153009406088,1.654408073890576,D,Continental
C020,Synthetic city 20,2019,0.5841111764893362,0.44159083812691385,0.25475461532984467,0.6490153009406088,1.5789439277073942,D,Continental
C020,Synthetic city 20,2020,0.5841111764893362,0.6254986337199994,0.25575461532984467,0.6510153009406088,1.58566350682126,D,Continental
C020,Synthetic city 20,2021,0.5841111764893362,0.5265303345305448,0.25675461532984467,0.6530153009406088,1.613661773644425,D,Continental
C020,Synthetic city 20,2022,0.5841111764893362,0.6069888765493933,0.25775461532984467,0.6550153009406088,1.5313462045378676,D,Continental
C020,Synthetic city 20,2023,0.5841111764893362,0.6434283170641525,0.2587546153298447,0.6570153009406088,1.6060149228055955,D,Continental
C020,Synthetic city 20,2024,0.5841111764893362,0.6427977773180167,0.2597546153298447,0.6590153009406088,1.528160445459238,D,Continental
C021,Synthetic city 21,2001,0.33415112172065586,0.33042379033015107,0.18779347143787997,0.49026754289686075,1.8750685682709336,B,Dry
C021,Synthetic city 21,2002,0.33415112172065586,0.30104096523491347,0.18879347143787997,0.49226754289686075,1.8809262123475403,B,Dry
C021,Synthetic city 21,2003,0.33415112172065586,0.3154425911302187,0.18979347143787997,0.49426754289686076,1.842393982701044,B,Dry
C021,Synthetic city 21,2004,0.33415112172065586,0.3182088883163895,0.19079347143787997,0.49626754289686076,1.8257559770808345,B,Dry
C021,Synthetic city 21,2005,0.33415112172065586,0.33901832136851334,0.19179347143787998,0.49826754289686076,1.8477278993350712,B,Dry
C021,Synthetic city 21,2006,0.33415112172065586,0.31455051750981095,0.19279347143787998,0.5002675428968607,1.8753979148586812,B,Dry
C021,Synthetic city 21,2007,0.33415112172065586,0.3577979165597974,0.19379347143787998,0.5022675428968607,1.8130157720222584,B,Dry
C021,Synthetic city 21,2008,0.33415112172065586,0.38093974732371405,0.19479347143787998,0.5042675428968607,1.8495696397023431,B,Dry
C021,Synthetic city 21,2009,0.33415112172065586,0.2905870769050217,0.19579347143787998,0.5062675428968607,1.7113324599306163,B,Dry
C021,Synthetic city 21,2010,0.33415112172065586,0.3533642496661121,0.19679347143787998,0.5082675428968607,1.76872179284342,B,Dry
C021,Synthetic city 21,2011,0.33415112172065586,0.2706213531561439,0.19779347143787998,0.5102675428968607,1.9167886670649255,B,Dry
C021,Synthetic city 21,2012,0.33415112172065586,0.3240372463885838,0.19879347143787998,0.5122675428968607,1.8187205465542742,B,Dry
C021,Synthetic city 21,2013,0.33415112172065586,0.36988334559183167,0.19979347143787998,0.5142675428968607,1.8835310249001462,B,Dry
C021,Synthetic city 21,2014,0.33415112172065586,0.32729566107924013,0.20079347143787998,0.5162675428968607,1.8152138411469823,B,Dry
C021,Synthetic city 21,2015,0.33415112172065586,0.32566865283994983,0.20179347143787998,0.5182675428968607,1.8992156967555092,B,Dry
C021,Synthetic city 21,2016,0.33415112172065586,0.3364804784969875,0.20279347143787996,0.5202675428968607,1.7913335611873846,B,Dry
C021,Synthetic city 21,2017,0.33415112172065586,0.33861804719331395,0.20379347143787996,0.5222675428968607,1.8391215627096118,B,Dry
C021,Synthetic city 21,2018,0.33415112172065586,0.29035009235544007,0.20479347143787996,0.5242675428968607,1.8693965982283238,B,Dry
C021,Synthetic city 21,2019,0.33415112172065586,0.32141714394887494,0.20579347143787996,0.5262675428968607,1.8505274363990072,B,Dry
C021,Synthetic city 21,2020,0.33415112172065586,0.3108291416594102,0.20679347143787996,0.5282675428968607,1.8671235329503544,B,Dry
C021,Synthetic city 21,2021,0.33415112172065586,0.3191806133642187,0.20779347143787996,0.5302675428968607,1.8905280541966614,B,Dry
C021,Synthetic city 21,2022,0.33415112172065586,0.33298488103559115,0.20879347143787996,0.5322675428968607,1.8166896483851678,B,Dry
C021,Synthetic city 21,2023,0.33415112172065586,0.2696521728217698,0.20979347143787996,0.5342675428968607,1.8065445729784648,B,Dry
C021,Synthetic city 21,2024,0.33415112172065586,0.3099853084432758,0.21079347143787996,0.5362675428968607,1.8785651368700327,B,Dry
C022,Synthetic city 22,2001,0.7551195688037814,0.7250851678309544,0.3534304759630977,0.33361430692351185,1.1488355132145311,C,Temperate
C022,Synthetic city 22,2002,0.7551195688037814,0.7511386242586079,0.3544304759630977,0.33561430692351185,1.1036802758555424,C,Temperate
C022,Synthetic city 22,2003,0.7551195688037814,0.745709820260575,0.3554304759630977,0.33761430692351185,1.1654144462222893,C,Temperate
C022,Synthetic city 22,2004,0.7551195688037814,0.8282196565142821,0.3564304759630977,0.33961430692351186,1.17884256189478,C,Temperate
C022,Synthetic city 22,2005,0.7551195688037814,0.7326460856521327,0.3574304759630977,0.34161430692351186,1.1905345947148183,C,Temperate
C022,Synthetic city 22,2006,0.7551195688037814,0.7799869218349063,0.3584304759630977,0.34361430692351186,1.1773574452415079,C,Temperate
C022,Synthetic city 22,2007,0.7551195688037814,0.7335874139490598,0.3594304759630977,0.34561430692351186,1.1428868792335365,C,Temperate
C022,Synthetic city 22,2008,0.7551195688037814,0.7301036008912205,0.3604304759630977,0.34761430692351186,1.1083160659237827,C,Temperate
C022,Synthetic city 22,2009,0.7551195688037814,0.7918581173660072,0.3614304759630977,0.34961430692351186,1.167909511205441,C,Temperate
C022,Synthetic city 22,2010,0.7551195688037814,0.8429812532113014,0.3624304759630977,0.35161430692351187,1.1200801761543426,C,Temperate
C022,Synthetic city 22,2011,0.7551195688037814,0.787554933913693,0.3634304759630977,0.35361430692351187,1.0775102160347738,C,Temperate
C022,Synthetic city 22,2012,0.7551195688037814,0.7366948791977096,0.3644304759630977,0.35561430692351187,1.1845805232355628,C,Temperate
C022,Synthetic city 22,2013,0.7551195688037814,0.8412118442036611,0.3654304759630977,0.35761430692351187,1.2079649834564175,C,Temperate
C022,Synthetic city 22,2014,0.7551195688037814,0.7923724396077568,0.3664304759630977,0.3596143069235119,1.2109596942621204,C,Temperate
C022,Synthetic city 22,2015,0.7551195688037814,0.7278256091805195,0.3674304759630977,0.3616143069235119,1.1455040039202284,C,Temperate
C022,Synthetic city 22,2016,0.7551195688037814,0.8192284870196489,0.3684304759630977,0.3636143069235118,1.1528144980149189,C,Temperate
C022,Synthetic city 22,2017,0.7551195688037814,0.7510811972745878,0.3694304759630977,0.3656143069235118,1.1166112281019402,C,Temperate
C022,Synthetic city 22,2018,0.7551195688037814,0.8190690674862448,0.3704304759630977,0.3676143069235118,1.1560699976202236,C,Temperate
C022,Synthetic city 22,2019,0.7551195688037814,0.636049134060279,0.3714304759630977,0.3696143069235118,1.104966193327834,C,Temperate
C022,Synthetic city 22,2020,0.7551195688037814,0.801138788645572,0.3724304759630977,0.37161430692351183,1.0661284346977284,C,Temperate
C022,Synthetic city 22,2021,0.7551195688037814,0.7356196764430637,0.3734304759630977,0.37361430692351183,1.1328324346496352,C,Temperate
C022,Synthetic city 22,2022,0.7551195688037814,0.738238709838856,0.3744304759630977,0.37561430692351183,1.0026362252575183,C,Temperate
C022,Synthetic city 22,2023,0.7551195688037814,0.7748916246446385,0.3754304759630977,0.37761430692351183,1.2023431773534157,C,Temperate
C022,Synthetic city 22,2024,0.7551195688037814,0.7423049244145865,0.3764304759630977,0.37961430692351184,1.0736922901652761,C,Temperate
C023,Synthetic city 23,2001,1.1408227643648066,1.1579183930275678,0.5972599154727194,0.18246624935327938,0.7023473769686692,A,Tropical
C023,Synthetic city 23,2002,1.1408227643648066,1.1384917135548724,0.5982599154727194,0.18446624935327938,0.6707446892871926,A,Tropical
C023,Synthetic city 23,2003,1.1408227643648066,1.0794969549522164,0.5992599154727194,0.18646624935327938,0.7695808687100675,A,Tropical
C023,Synthetic city 23,2004,1.1408227643648066,1.2336412928029716,0.6002599154727194,0.18846624935327938,0.7524748715812186,A,Tropical
C023,Synthetic city 23,2005,1.1408227643648066,1.2065657039820785,0.6012599154727194,0.19046624935327938,0.7476064421866865,A,Tropical
C023,Synthetic city 23,2006,1.1408227643648066,1.1293482026634192,0.6022599154727194,0.19246624935327938,0.6843379392054054,A,Tropical
C023,Synthetic city 23,2007,1.1408227643648066,1.1858461269011182,0.6032599154727194,0.19446624935327939,0.6950768474855555,A,Tropical
C023,Synthetic city 23,2008,1.1408227643648066,1.2105298702589067,0.6042599154727194,0.1964662493532794,0.6444917004520315,A,Tropical
C023,Synthetic city 23,2009,1.1408227643648066,1.1613343659963986,0.6052599154727194,0.1984662493532794,0.7230902306139804,A,Tropical
C023,Synthetic city 23,2010,1.1408227643648066,1.145852122163591,0.6062599154727194,0.2004662493532794,0.7045047865034865,A,Tropical
C023,Synthetic city 23,2011,1.1408227643648066,1.159320494951796,0.6072599154727194,0.20246624935327937,0.6616342444285263,A,Tropical
C023,Synthetic city 23,2012,1.1408227643648066,1.1296503058192082,0.6082599154727194,0.20446624935327937,0.7006271390004724,A,Tropical
C023,Synthetic city 23,2013,1.1408227643648066,1.1109385307715942,0.6092599154727194,0.20646624935327937,0.7494554087412085,A,Tropical
C023,Synthetic city 23,2014,1.1408227643648066,1.172099973068746,0.6102599154727194,0.20846624935327937,0.7275160572690007,A,Tropical
C023,Synthetic city 23,2015,1.1408227643648066,1.2078452577133203,0.6112599154727194,0.21046624935327937,0.7242843965545849,A,Tropical
C023,Synthetic city 23,2016,1.1408227643648066,1.1190984843188438,0.6122599154727194,0.21246624935327937,0.6819809741308069,A,Tropical
C023,Synthetic city 23,2017,1.1408227643648066,1.1561915845831228,0.6132599154727194,0.21446624935327938,0.7572415746682747,A,Tropical
C023,Synthetic city 23,2018,1.1408227643648066,1.061082640229875,0.6142599154727194,0.21646624935327938,0.7702894345978674,A,Tropical
C023,Synthetic city 23,2019,1.1408227643648066,1.1265294432466617,0.6152599154727194,0.21846624935327938,0.7393519059782246,A,Tropical
C023,Synthetic city 23,2020,1.1408227643648066,1.2328030088655801,0.6162599154727194,0.22046624935327938,0.7164149631979281,A,Tropical
C023,Synthetic city 23,2021,1.1408227643648066,1.1367990696157324,0.6172599154727194,0.22246624935327938,0.7002807413644399,A,Tropical
C023,Synthetic city 23,2022,1.1408227643648066,1.1914150124189677,0.6182599154727194,0.22446624935327938,0.6788820778671072,A,Tropical
C023,Synthetic city 23,2023,1.1408227643648066,1.106707019491203,0.6192599154727194,0.22646624935327936,0.6900967246329346,A,Tropical
C023,Synthetic city 23,2024,1.1408227643648066,1.0640028829399906,0.6202599154727194,0.22846624935327936,0.729629718012924,A,Tropical
C024,Synthetic city 24,2001,0.5844840574717892,0.5877188549457194,0.23675629295681785,0.6208576358173332,1.427014566059981,D,Continental
C024,Synthetic city 24,2002,0.5844840574717892,0.6534215178398489,0.23775629295681786,0.6228576358173332,1.4106297484583483,D,Continental
C024,Synthetic city 24,2003,0.5844840574717892,0.6070319496597958,0.23875629295681786,0.6248576358173332,1.4392665991084006,D,Continental
C024,Synthetic city 24,2004,0.5844840574717892,0.6309957647239336,0.23975629295681786,0.6268576358173332,1.391734841088432,D,Continental
C024,Synthetic city 24,2005,0.5844840574717892,0.5465852119004327,0.24075629295681786,0.6288576358173332,1.4521657235340977,D,Continental
C024,Synthetic city 24,2006,0.5844840574717892,0.5603170676692946,0.24175629295681786,0.6308576358173332,1.4406999376474479,D,Continental
C024,Synthetic city 24,2007,0.5844840574717892,0.6242945278312274,0.24275629295681786,0.6328576358173332,1.4677567182937967,D,Continental
C024,Synthetic city 24,2008,0.5844840574717892,0.538292159803086,0.24375629295681786,0.6348576358173332,1.443946709547083,D,Continental
C024,Synthetic city 24,2009,0.5844840574717892,0.5551507323899345,0.24475629295681786,0.6368576358173332,1.3974324021518971,D,Continental
C024,Synthetic city 24,2010,0.5844840574717892,0.6100340237144901,0.24575629295681786,0.6388576358173332,1.3804260754530384,D,Continental
C024,Synthetic city 24,2011,0.5844840574717892,0.5084443575766304,0.24675629295681786,0.6408576358173332,1.485830450660144,D,Continental
C024,Synthetic city 24,2012,0.5844840574717892,0.5964844300144347,0.24775629295681786,0.6428576358173332,1.3854525245045672,D,Continental
C024,Synthetic city 24,2013,0.5844840574717892,0.5168428708031616,0.24875629295681786,0.6448576358173332,1.444762984495175,D,Continental
C024,Synthetic city 24,2014,0.5844840574717892,0.412731819401356,0.24975629295681787,0.6468576358173332,1.3882714513326782,D,Continental
C024,Synthetic city 24,2015,0.5844840574717892,0.6140521549848798,0.25075629295681784,0.6488576358173332,1.3880740215676566,D,Continental
C024,Synthetic city 24,2016,0.5844840574717892,0.5990920808111071,0.25175629295681784,0.6508576358173332,1.525642324064362,D,Continental
C024,Synthetic city 24,2017,0.5844840574717892,0.6344506816178201,0.25275629295681784,0.6528576358173332,1.4937684471928097,D,Continental
C024,Synthetic city 24,2018,0.5844840574717892,0.4341137181952526,0.25375629295681784,0.6548576358173333,1.4348862298328051,D,Continental
C024,Synthetic city 24,2019,0.5844840574717892,0.56836537964698,0.25475629295681784,0.6568576358173333,1.4374615690817438,D,Continental
C024,Synthetic city 24,2020,0.5844840574717892,0.6347869045395469,0.25575629295681784,0.6588576358173333,1.5228535866299553,D,Continental
C024,Synthetic city 24,2021,0.5844840574717892,0.5972475518396726,0.25675629295681784,0.6608576358173333,1.409970685633771,D,Continental
C024,Synthetic city 24,2022,0.5844840574717892,0.5422818683701824,0.25775629295681785,0.6628576358173333,1.3723400652093696,D,Continental
C024,Synthetic city 24,2023,0.5844840574717892,0.5722094238503291,0.25875629295681785,0.6648576358173333,1.3957186031768878,D,Continental
C024,Synthetic city 24,2024,0.5844840574717892,0.5147775410895551,0.25975629295681785,0.6668576358173333,1.4632681727984216,D,Continental
